category	page	source	file	bytes	lines
topology	AddEdge	https://trac.osgeo.org/postgis/wiki/AddEdge	doc/trac-wiki/topology/AddEdge.tracwiki	47	0
source-hosts	Codeberg	https://trac.osgeo.org/postgis/wiki/Codeberg	doc/trac-wiki/source-hosts/Codeberg.tracwiki	298	9
development	ContinuousIntegration	https://trac.osgeo.org/postgis/wiki/ContinuousIntegration	doc/trac-wiki/development/ContinuousIntegration.tracwiki	23846	119
development	DevWikiNbEditor	https://trac.osgeo.org/postgis/wiki/DevWikiNbEditor	doc/trac-wiki/development/DevWikiNbEditor.tracwiki	0	0
development	DevWikiPostGISCoding	https://trac.osgeo.org/postgis/wiki/DevWikiPostGISCoding	doc/trac-wiki/development/DevWikiPostGISCoding.tracwiki	11023	149
development	DevWikiWinMingWSys_20	https://trac.osgeo.org/postgis/wiki/DevWikiWinMingWSys_20	doc/trac-wiki/development/DevWikiWinMingWSys_20.tracwiki	17837	449
development	DevWikiWinMingWSys_20_MSVC	https://trac.osgeo.org/postgis/wiki/DevWikiWinMingWSys_20_MSVC	doc/trac-wiki/development/DevWikiWinMingWSys_20_MSVC.tracwiki	11441	376
development	DevWikiWinNSIS	https://trac.osgeo.org/postgis/wiki/DevWikiWinNSIS	doc/trac-wiki/development/DevWikiWinNSIS.tracwiki	1202	21
development	DevWikiWinVC_15	https://trac.osgeo.org/postgis/wiki/DevWikiWinVC_15	doc/trac-wiki/development/DevWikiWinVC_15.tracwiki	4118	70
topology	EdgeStar	https://trac.osgeo.org/postgis/wiki/EdgeStar	doc/trac-wiki/topology/EdgeStar.tracwiki	140	1
user	GeographicLib	https://trac.osgeo.org/postgis/wiki/GeographicLib	doc/trac-wiki/user/GeographicLib.tracwiki	41	0
source-hosts	GitHub	https://trac.osgeo.org/postgis/wiki/GitHub	doc/trac-wiki/source-hosts/GitHub.tracwiki	432	9
source-hosts	GitLab	https://trac.osgeo.org/postgis/wiki/GitLab	doc/trac-wiki/source-hosts/GitLab.tracwiki	292	9
source-hosts	GiteaCom	https://trac.osgeo.org/postgis/wiki/GiteaCom	doc/trac-wiki/source-hosts/GiteaCom.tracwiki	292	8
project-history	GoogleSummerCode	https://trac.osgeo.org/postgis/wiki/GoogleSummerCode	doc/trac-wiki/project-history/GoogleSummerCode.tracwiki	8944	159
project-history	GoogleSummerCode2012	https://trac.osgeo.org/postgis/wiki/GoogleSummerCode2012	doc/trac-wiki/project-history/GoogleSummerCode2012.tracwiki	60	0
project-history	GoogleSummerCode2018	https://trac.osgeo.org/postgis/wiki/GoogleSummerCode2018	doc/trac-wiki/project-history/GoogleSummerCode2018.tracwiki	1740	33
project-history	GoogleSummerCode2019	https://trac.osgeo.org/postgis/wiki/GoogleSummerCode2019	doc/trac-wiki/project-history/GoogleSummerCode2019.tracwiki	3951	54
project-history	GoogleSummerCode2021	https://trac.osgeo.org/postgis/wiki/GoogleSummerCode2021	doc/trac-wiki/project-history/GoogleSummerCode2021.tracwiki	3504	51
project-history	GoogleSummerCode2022	https://trac.osgeo.org/postgis/wiki/GoogleSummerCode2022	doc/trac-wiki/project-history/GoogleSummerCode2022.tracwiki	7222	125
user	MapServer	https://trac.osgeo.org/postgis/wiki/MapServer	doc/trac-wiki/user/MapServer.tracwiki	34	0
source-hosts	OSGeoGit	https://trac.osgeo.org/postgis/wiki/OSGeoGit	doc/trac-wiki/source-hosts/OSGeoGit.tracwiki	57	1
user	OpenGeo	https://trac.osgeo.org/postgis/wiki/OpenGeo	doc/trac-wiki/user/OpenGeo.tracwiki	505	11
user	OpenStreetMap	https://trac.osgeo.org/postgis/wiki/OpenStreetMap	doc/trac-wiki/user/OpenStreetMap.tracwiki	732	14
user	PieCrust	https://trac.osgeo.org/postgis/wiki/PieCrust	doc/trac-wiki/user/PieCrust.tracwiki	99	0
user	PlanetPostgis	https://trac.osgeo.org/postgis/wiki/PlanetPostgis	doc/trac-wiki/user/PlanetPostgis.tracwiki	91	0
project-history	PostGIS20ReleaseAnnouncement	https://trac.osgeo.org/postgis/wiki/PostGIS20ReleaseAnnouncement	doc/trac-wiki/project-history/PostGIS20ReleaseAnnouncement.tracwiki	1484	46
project-history	PostGISCodeSprint2018	https://trac.osgeo.org/postgis/wiki/PostGISCodeSprint2018	doc/trac-wiki/project-history/PostGISCodeSprint2018.tracwiki	1957	61
project-history	PostGISCodeSprint2020	https://trac.osgeo.org/postgis/wiki/PostGISCodeSprint2020	doc/trac-wiki/project-history/PostGISCodeSprint2020.tracwiki	2260	57
project-history	PostGISDevelopment2021	https://trac.osgeo.org/postgis/wiki/PostGISDevelopment2021	doc/trac-wiki/project-history/PostGISDevelopment2021.tracwiki	4666	121
project-history	PostGISDevelopment2022-1	https://trac.osgeo.org/postgis/wiki/PostGISDevelopment2022-1	doc/trac-wiki/project-history/PostGISDevelopment2022-1.tracwiki	2492	74
project-history	PostGISDevelopment2023-1	https://trac.osgeo.org/postgis/wiki/PostGISDevelopment2023-1	doc/trac-wiki/project-history/PostGISDevelopment2023-1.tracwiki	1242	58
project-history	PostGISDevelopment2026-1	https://trac.osgeo.org/postgis/wiki/PostGISDevelopment2026-1	doc/trac-wiki/project-history/PostGISDevelopment2026-1.tracwiki	6085	145
project-history	PostGISExtensionPaths	https://trac.osgeo.org/postgis/wiki/PostGISExtensionPaths	doc/trac-wiki/project-history/PostGISExtensionPaths.tracwiki	4481	106
raster	PostGIS_Raster_SoC_Idea_2012/Distance_Analysis_Tools	https://trac.osgeo.org/postgis/wiki/PostGIS_Raster_SoC_Idea_2012/Distance_Analysis_Tools	doc/trac-wiki/raster/PostGIS_Raster_SoC_Idea_2012_Distance_Analysis_Tools.tracwiki	83172	1363
raster	PostGIS_Raster_SoC_Idea_2012/Distance_Analysis_Tools/code	https://trac.osgeo.org/postgis/wiki/PostGIS_Raster_SoC_Idea_2012/Distance_Analysis_Tools/code	doc/trac-wiki/raster/PostGIS_Raster_SoC_Idea_2012_Distance_Analysis_Tools_code.tracwiki	51264	1127
raster	PostGIS_Raster_SoC_Idea_2012/Distance_Analysis_Tools/document	https://trac.osgeo.org/postgis/wiki/PostGIS_Raster_SoC_Idea_2012/Distance_Analysis_Tools/document	doc/trac-wiki/raster/PostGIS_Raster_SoC_Idea_2012_Distance_Analysis_Tools_document.tracwiki	21694	330
raster	PostGIS_Raster_SoC_Idea_2012/Distance_Analysis_Tools/test	https://trac.osgeo.org/postgis/wiki/PostGIS_Raster_SoC_Idea_2012/Distance_Analysis_Tools/test	doc/trac-wiki/raster/PostGIS_Raster_SoC_Idea_2012_Distance_Analysis_Tools_test.tracwiki	25821	498
topology	PostgisTopology_Data_Model	https://trac.osgeo.org/postgis/wiki/PostgisTopology_Data_Model	doc/trac-wiki/topology/PostgisTopology_Data_Model.tracwiki	1831	23
project-history	RCDownloads	https://trac.osgeo.org/postgis/wiki/RCDownloads	doc/trac-wiki/project-history/RCDownloads.tracwiki	262	3
project-history	RFC/RFC-1	https://trac.osgeo.org/postgis/wiki/RFC/RFC-1	doc/trac-wiki/project-history/RFC_RFC-1.tracwiki	9135	142
user	SpatiaLite	https://trac.osgeo.org/postgis/wiki/SpatiaLite	doc/trac-wiki/user/SpatiaLite.tracwiki	4311	79
topology	TopoElement	https://trac.osgeo.org/postgis/wiki/TopoElement	doc/trac-wiki/topology/TopoElement.tracwiki	67	0
topology	TopoElementArray	https://trac.osgeo.org/postgis/wiki/TopoElementArray	doc/trac-wiki/topology/TopoElementArray.tracwiki	61	0
topology	TopoGeometry	https://trac.osgeo.org/postgis/wiki/TopoGeometry	doc/trac-wiki/topology/TopoGeometry.tracwiki	45	0
topology	TopologyCopy	https://trac.osgeo.org/postgis/wiki/TopologyCopy	doc/trac-wiki/topology/TopologyCopy.tracwiki	3334	30
topology	TopologyTableLayer	https://trac.osgeo.org/postgis/wiki/TopologyTableLayer	doc/trac-wiki/topology/TopologyTableLayer.tracwiki	342	2
topology	TopologyTableRelation	https://trac.osgeo.org/postgis/wiki/TopologyTableRelation	doc/trac-wiki/topology/TopologyTableRelation.tracwiki	430	2
user	UserWiki	https://trac.osgeo.org/postgis/wiki/UserWiki	doc/trac-wiki/user/UserWiki.tracwiki	13	0
user	UsersWiki	https://trac.osgeo.org/postgis/wiki/UsersWiki	doc/trac-wiki/user/UsersWiki.tracwiki	20	0
user	UsersWikiBuildPolygonsWithLines	https://trac.osgeo.org/postgis/wiki/UsersWikiBuildPolygonsWithLines	doc/trac-wiki/user/UsersWikiBuildPolygonsWithLines.tracwiki	3155	71
user	UsersWikiCardinalDirection	https://trac.osgeo.org/postgis/wiki/UsersWikiCardinalDirection	doc/trac-wiki/user/UsersWikiCardinalDirection.tracwiki	1864	62
user	UsersWikiComputeMultiCentroid	https://trac.osgeo.org/postgis/wiki/UsersWikiComputeMultiCentroid	doc/trac-wiki/user/UsersWikiComputeMultiCentroid.tracwiki	837	30
user	UsersWikiCoveragesAndPostgis	https://trac.osgeo.org/postgis/wiki/UsersWikiCoveragesAndPostgis	doc/trac-wiki/user/UsersWikiCoveragesAndPostgis.tracwiki	16366	94
user	UsersWikiCreatingTopoGeometryObjects	https://trac.osgeo.org/postgis/wiki/UsersWikiCreatingTopoGeometryObjects	doc/trac-wiki/user/UsersWikiCreatingTopoGeometryObjects.tracwiki	1757	42
user	UsersWikiDistanceInteriorPoint	https://trac.osgeo.org/postgis/wiki/UsersWikiDistanceInteriorPoint	doc/trac-wiki/user/UsersWikiDistanceInteriorPoint.tracwiki	359	8
user	UsersWikiFeaturesOfPostgis	https://trac.osgeo.org/postgis/wiki/UsersWikiFeaturesOfPostgis	doc/trac-wiki/user/UsersWikiFeaturesOfPostgis.tracwiki	3613	48
user	UsersWikiGallery	https://trac.osgeo.org/postgis/wiki/UsersWikiGallery	doc/trac-wiki/user/UsersWikiGallery.tracwiki	1065	11
user	UsersWikiGeographyFunctions	https://trac.osgeo.org/postgis/wiki/UsersWikiGeographyFunctions	doc/trac-wiki/user/UsersWikiGeographyFunctions.tracwiki	1261	31
user	UsersWikiGeometryType	https://trac.osgeo.org/postgis/wiki/UsersWikiGeometryType	doc/trac-wiki/user/UsersWikiGeometryType.tracwiki	542	14
user	UsersWikiLineStringGeometry	https://trac.osgeo.org/postgis/wiki/UsersWikiLineStringGeometry	doc/trac-wiki/user/UsersWikiLineStringGeometry.tracwiki	197	5
user	UsersWikiLinearRefFunctions	https://trac.osgeo.org/postgis/wiki/UsersWikiLinearRefFunctions	doc/trac-wiki/user/UsersWikiLinearRefFunctions.tracwiki	1959	57
user	UsersWikiMain	https://trac.osgeo.org/postgis/wiki/UsersWikiMain	doc/trac-wiki/user/UsersWikiMain.tracwiki	12533	176
user	UsersWikiMakeCheckConsiderations	https://trac.osgeo.org/postgis/wiki/UsersWikiMakeCheckConsiderations	doc/trac-wiki/user/UsersWikiMakeCheckConsiderations.tracwiki	2637	53
user	UsersWikiNbSqlFunctionsEditor	https://trac.osgeo.org/postgis/wiki/UsersWikiNbSqlFunctionsEditor	doc/trac-wiki/user/UsersWikiNbSqlFunctionsEditor.tracwiki	2395	60
user	UsersWikiNewbieAddgeometrycolumn	https://trac.osgeo.org/postgis/wiki/UsersWikiNewbieAddgeometrycolumn	doc/trac-wiki/user/UsersWikiNewbieAddgeometrycolumn.tracwiki	635	13
user	UsersWikiOGR	https://trac.osgeo.org/postgis/wiki/UsersWikiOGR	doc/trac-wiki/user/UsersWikiOGR.tracwiki	3520	110
user	UsersWikiOGRExamples	https://trac.osgeo.org/postgis/wiki/UsersWikiOGRExamples	doc/trac-wiki/user/UsersWikiOGRExamples.tracwiki	3632	98
user	UsersWikiPgRasterDesign	https://trac.osgeo.org/postgis/wiki/UsersWikiPgRasterDesign	doc/trac-wiki/user/UsersWikiPgRasterDesign.tracwiki	316	3
user	UsersWikiPgRasterSqlInterface	https://trac.osgeo.org/postgis/wiki/UsersWikiPgRasterSqlInterface	doc/trac-wiki/user/UsersWikiPgRasterSqlInterface.tracwiki	15087	244
user	UsersWikiPgRasterStorageModels	https://trac.osgeo.org/postgis/wiki/UsersWikiPgRasterStorageModels	doc/trac-wiki/user/UsersWikiPgRasterStorageModels.tracwiki	895	12
user	UsersWikiPostGISConsulting	https://trac.osgeo.org/postgis/wiki/UsersWikiPostGISConsulting	doc/trac-wiki/user/UsersWikiPostGISConsulting.tracwiki	3285	42
user	UsersWikiPostGISHosters	https://trac.osgeo.org/postgis/wiki/UsersWikiPostGISHosters	doc/trac-wiki/user/UsersWikiPostGISHosters.tracwiki	3949	37
user	UsersWikiPostgisTopology	https://trac.osgeo.org/postgis/wiki/UsersWikiPostgisTopology	doc/trac-wiki/user/UsersWikiPostgisTopology.tracwiki	5853	167
user	UsersWikiPostgisarcgis	https://trac.osgeo.org/postgis/wiki/UsersWikiPostgisarcgis	doc/trac-wiki/user/UsersWikiPostgisarcgis.tracwiki	4851	66
user	UsersWikiPostgreSQLCaseStudies	https://trac.osgeo.org/postgis/wiki/UsersWikiPostgreSQLCaseStudies	doc/trac-wiki/user/UsersWikiPostgreSQLCaseStudies.tracwiki	383	5
user	UsersWikiPostgreSQLPostGIS	https://trac.osgeo.org/postgis/wiki/UsersWikiPostgreSQLPostGIS	doc/trac-wiki/user/UsersWikiPostgreSQLPostGIS.tracwiki	5931	104
user	UsersWikiQGIS	https://trac.osgeo.org/postgis/wiki/UsersWikiQGIS	doc/trac-wiki/user/UsersWikiQGIS.tracwiki	6832	77
user	UsersWikiRasterNotes	https://trac.osgeo.org/postgis/wiki/UsersWikiRasterNotes	doc/trac-wiki/user/UsersWikiRasterNotes.tracwiki	6864	67
user	UsersWikiSpatialAlgorithmWebSites	https://trac.osgeo.org/postgis/wiki/UsersWikiSpatialAlgorithmWebSites	doc/trac-wiki/user/UsersWikiSpatialAlgorithmWebSites.tracwiki	379	6
user	UsersWikiSpatialEJB3	https://trac.osgeo.org/postgis/wiki/UsersWikiSpatialEJB3	doc/trac-wiki/user/UsersWikiSpatialEJB3.tracwiki	604	7
user	UsersWikiSplitPolygonWithLineString	https://trac.osgeo.org/postgis/wiki/UsersWikiSplitPolygonWithLineString	doc/trac-wiki/user/UsersWikiSplitPolygonWithLineString.tracwiki	5275	175
user	UsersWikiSplitPolygonWithPoints	https://trac.osgeo.org/postgis/wiki/UsersWikiSplitPolygonWithPoints	doc/trac-wiki/user/UsersWikiSplitPolygonWithPoints.tracwiki	2609	76
user	UsersWikiSprint2009Notes	https://trac.osgeo.org/postgis/wiki/UsersWikiSprint2009Notes	doc/trac-wiki/user/UsersWikiSprint2009Notes.tracwiki	3237	112
user	UsersWikiTIGERGeocoderToDo	https://trac.osgeo.org/postgis/wiki/UsersWikiTIGERGeocoderToDo	doc/trac-wiki/user/UsersWikiTIGERGeocoderToDo.tracwiki	1304	23
user	UsersWikiToolsSupportPostgis	https://trac.osgeo.org/postgis/wiki/UsersWikiToolsSupportPostgis	doc/trac-wiki/user/UsersWikiToolsSupportPostgis.tracwiki	3022	54
user	UsersWikiTopoGeometry	https://trac.osgeo.org/postgis/wiki/UsersWikiTopoGeometry	doc/trac-wiki/user/UsersWikiTopoGeometry.tracwiki	1042	19
user	UsersWikiTopologicalPrimitives	https://trac.osgeo.org/postgis/wiki/UsersWikiTopologicalPrimitives	doc/trac-wiki/user/UsersWikiTopologicalPrimitives.tracwiki	162	7
user	UsersWikiTopologyEditing	https://trac.osgeo.org/postgis/wiki/UsersWikiTopologyEditing	doc/trac-wiki/user/UsersWikiTopologyEditing.tracwiki	1321	46
user	UsersWikiTopologyExample	https://trac.osgeo.org/postgis/wiki/UsersWikiTopologyExample	doc/trac-wiki/user/UsersWikiTopologyExample.tracwiki	5982	169
user	UsersWikiTutorials	https://trac.osgeo.org/postgis/wiki/UsersWikiTutorials	doc/trac-wiki/user/UsersWikiTutorials.tracwiki	4238	55
user	UsersWikiWishList	https://trac.osgeo.org/postgis/wiki/UsersWikiWishList	doc/trac-wiki/user/UsersWikiWishList.tracwiki	7741	86
user	UsersWikiplpgsqlfunctions	https://trac.osgeo.org/postgis/wiki/UsersWikiplpgsqlfunctions	doc/trac-wiki/user/UsersWikiplpgsqlfunctions.tracwiki	10740	282
user	UsersWikiplpgsqlfunctionsDistance	https://trac.osgeo.org/postgis/wiki/UsersWikiplpgsqlfunctionsDistance	doc/trac-wiki/user/UsersWikiplpgsqlfunctionsDistance.tracwiki	1865	65
user	UsersWikiwktrasterfunctions	https://trac.osgeo.org/postgis/wiki/UsersWikiwktrasterfunctions	doc/trac-wiki/user/UsersWikiwktrasterfunctions.tracwiki	2191	48
topology	ValidateTopology	https://trac.osgeo.org/postgis/wiki/ValidateTopology	doc/trac-wiki/topology/ValidateTopology.tracwiki	91	1
raster	WKTRaster	https://trac.osgeo.org/postgis/wiki/WKTRaster	doc/trac-wiki/raster/WKTRaster.tracwiki	24838	225
raster	WKTRaster/Documentation01	https://trac.osgeo.org/postgis/wiki/WKTRaster/Documentation01	doc/trac-wiki/raster/WKTRaster_Documentation01.tracwiki	35232	512
raster	WKTRaster/FAQ	https://trac.osgeo.org/postgis/wiki/WKTRaster/FAQ	doc/trac-wiki/raster/WKTRaster_FAQ.tracwiki	6143	41
raster	WKTRaster/PlanningAndFunding	https://trac.osgeo.org/postgis/wiki/WKTRaster/PlanningAndFunding	doc/trac-wiki/raster/WKTRaster_PlanningAndFunding.tracwiki	5484	71
raster	WKTRaster/RFC/RFC1_V0SerialFormat	https://trac.osgeo.org/postgis/wiki/WKTRaster/RFC/RFC1_V0SerialFormat	doc/trac-wiki/raster/WKTRaster_RFC_RFC1_V0SerialFormat.tracwiki	8286	268
raster	WKTRaster/RFC/RFC2_V0WKBFormat	https://trac.osgeo.org/postgis/wiki/WKTRaster/RFC/RFC2_V0WKBFormat	doc/trac-wiki/raster/WKTRaster_RFC_RFC2_V0WKBFormat.tracwiki	7595	146
raster	WKTRaster/RFC/RFC3_V1SerialFormat	https://trac.osgeo.org/postgis/wiki/WKTRaster/RFC/RFC3_V1SerialFormat	doc/trac-wiki/raster/WKTRaster_RFC_RFC3_V1SerialFormat.tracwiki	503	17
raster	WKTRaster/SeamlessArchitecture	https://trac.osgeo.org/postgis/wiki/WKTRaster/SeamlessArchitecture	doc/trac-wiki/raster/WKTRaster_SeamlessArchitecture.tracwiki	30252	236
raster	WKTRaster/SpecificationFinal01	https://trac.osgeo.org/postgis/wiki/WKTRaster/SpecificationFinal01	doc/trac-wiki/raster/WKTRaster_SpecificationFinal01.tracwiki	25902	493
raster	WKTRaster/SpecificationWorking01	https://trac.osgeo.org/postgis/wiki/WKTRaster/SpecificationWorking01	doc/trac-wiki/raster/WKTRaster_SpecificationWorking01.tracwiki	42263	624
raster	WKTRaster/SpecificationWorking02	https://trac.osgeo.org/postgis/wiki/WKTRaster/SpecificationWorking02	doc/trac-wiki/raster/WKTRaster_SpecificationWorking02.tracwiki	169987	4040
raster	WKTRaster/SpecificationWorking03	https://trac.osgeo.org/postgis/wiki/WKTRaster/SpecificationWorking03	doc/trac-wiki/raster/WKTRaster_SpecificationWorking03.tracwiki	37818	600
raster	WKTRaster/ThirdPartySupport	https://trac.osgeo.org/postgis/wiki/WKTRaster/ThirdPartySupport	doc/trac-wiki/raster/WKTRaster_ThirdPartySupport.tracwiki	806	21
raster	WKTRasterGSoC	https://trac.osgeo.org/postgis/wiki/WKTRasterGSoC	doc/trac-wiki/raster/WKTRasterGSoC.tracwiki	1234	18
raster	WKTRasterTutorial01	https://trac.osgeo.org/postgis/wiki/WKTRasterTutorial01	doc/trac-wiki/raster/WKTRasterTutorial01.tracwiki	28626	416
project-history	WikiStart	https://trac.osgeo.org/postgis/wiki/WikiStart	doc/trac-wiki/project-history/WikiStart.tracwiki	4939	100
